id,first_name,last_name,email,gender,balance
1,Sarette,Rillatt,srillatt0@list-manage.com,Female,21.26
2,Kristine,Edwin,kedwin1@linkedin.com,Female,32.49
3,Geoffry,D'Agostini,gdagostini2@columbia.edu,Male,47.35
4,Teddie,Smeeton,tsmeeton3@amazonaws.com,Female,69.65
5,Egan,Yonnie,eyonnie4@dot.gov,Male,42.7
6,Kerrin,Scoon,kscoon5@dagondesign.com,Female,21.57
7,Rosamond,Bindley,rbindley6@comcast.net,Female,81.31
8,Anallese,Jubb,ajubb7@blogtalkradio.com,Female,68.43
9,Jennee,Robecon,jrobecon8@livejournal.com,Female,99.64
10,Lothario,De Malchar,ldemalchar9@google.ru,Male,72.03
11,Bent,Spreag,bspreaga@blinklist.com,Male,71.42
12,Nichole,Cammish,ncammishb@tamu.edu,Female,49.62
13,Viviana,Brookton,vbrooktonc@chicagotribune.com,Female,90.79
14,Kendell,Prazer,kprazerd@123-reg.co.uk,Male,26.27
15,Harlie,Mullaney,hmullaneye@flavors.me,Female,99.32
16,Nathalie,Pinder,npinderf@naver.com,Female,71.65
17,Kettie,Skeleton,kskeletong@mapquest.com,Female,74.98
18,Lulita,Foran,lforanh@cafepress.com,Female,33.83
19,Piggy,Birkin,pbirkini@wsj.com,Male,66.54
20,Lucias,O'Neal,lonealj@w3.org,Male,80.99
21,Ava,Longley,alongleyk@pen.io,Female,33.68
22,Ingaberg,Till,itilll@dyndns.org,Female,78.65
23,Lyman,Bartholin,lbartholinm@networkadvertising.org,Male,89.18
24,Prentice,Hacon,phaconn@foxnews.com,Male,83.4
25,Iosep,Titterrell,ititterrello@chronoengine.com,Male,28.57
26,Katharyn,Bredbury,kbredburyp@freewebs.com,Female,0.5
27,Rina,Witherby,rwitherbyq@marriott.com,Female,25.07
28,Glenden,Hirche,ghircher@squidoo.com,Male,97.74
29,Prudy,Aggott,paggotts@unicef.org,Female,85.64
30,Crissy,Dewdeny,cdewdenyt@g.co,Female,91.01
31,Gino,Weatherhead,gweatherheadu@delicious.com,Male,76.07
32,Raf,Rubinlicht,rrubinlichtv@go.com,Female,86.21
33,Constantine,Bather,cbatherw@salon.com,Male,20.3
34,Ettore,Gilby,egilbyx@miibeian.gov.cn,Male,13.11
35,Freemon,Collip,fcollipy@facebook.com,Male,38.46
36,Audrey,Kittel,akittelz@examiner.com,Female,76.41
37,Fidela,Megainey,fmegainey10@apache.org,Female,4.98
38,Star,Crowne,scrowne11@instagram.com,Female,0.45
39,Orin,Browell,obrowell12@vistaprint.com,Male,15.37
40,Billie,Cridlin,bcridlin13@walmart.com,Female,59.1
41,Lezlie,Jozaitis,ljozaitis14@economist.com,Female,1.95
42,Spencer,Jakubovitch,sjakubovitch15@businessinsider.com,Male,4.06
43,Fran,Patrick,fpatrick16@columbia.edu,Male,7.17
44,Jareb,Roake,jroake17@topsy.com,Male,68.24
45,Dewitt,Worling,dworling18@xing.com,Male,63.5
46,Vera,Girtin,vgirtin19@csmonitor.com,Female,8.54
47,Antonius,Heale,aheale1a@go.com,Male,24.18
48,Kippy,Aspinal,kaspinal1b@ca.gov,Male,66.97
49,Blair,Gynne,bgynne1c@bluehost.com,Male,98.64
50,Mendy,Josefsen,mjosefsen1d@cyberchimps.com,Male,59.53
51,Nert,Myrkus,nmyrkus1e@ca.gov,Female,6.93
52,Melissa,Petrelluzzi,mpetrelluzzi1f@bbb.org,Female,66.44
53,Rayner,Leyborne,rleyborne1g@phpbb.com,Male,60.08
54,Thebault,Petroulis,tpetroulis1h@irs.gov,Male,81.73
55,Jerrilee,Van de Castele,jvandecastele1i@a8.net,Female,30.94
56,Darrel,McLeese,dmcleese1j@etsy.com,Male,12.07
57,Kiersten,Weldon,kweldon1k@a8.net,Female,73.36
58,Gaspar,Reddell,greddell1l@intel.com,Male,49.78
59,Nicole,Pawellek,npawellek1m@blinklist.com,Female,79.92
60,Berti,Fullun,bfullun1n@china.com.cn,Female,45.55
61,Nil,Copeman,ncopeman1o@google.fr,Male,38.92
62,Petey,Moreno,pmoreno1p@dion.ne.jp,Male,18.36
63,Filide,Kausche,fkausche1q@mediafire.com,Female,11.29
64,Shanta,Maidens,smaidens1r@ning.com,Female,88.18
65,Cornie,O' Donohoe,codonohoe1s@amazon.co.jp,Male,5.59
66,Eduino,Hannum,ehannum1t@tiny.cc,Male,8.23
67,Bettye,Catterell,bcatterell1u@cloudflare.com,Female,98.48
68,Mickey,Kingsbury,mkingsbury1v@aol.com,Male,85.82
69,Rriocard,Yannoni,ryannoni1w@jalbum.net,Male,13.22
70,Theobald,Dumpleton,tdumpleton1x@google.com,Male,10.65
71,Paquito,Erbe,perbe1y@dot.gov,Male,52.1
72,Karel,Berntsson,kberntsson1z@smugmug.com,Female,97.59
73,Patricia,Doncom,pdoncom20@msn.com,Female,47.64
74,Jorrie,Peasnone,jpeasnone21@amazonaws.com,Female,73.35
75,Grady,Caulwell,gcaulwell22@nih.gov,Male,35.15
76,Ardeen,Tulloch,atulloch23@youtu.be,Female,34.54
77,Vanya,Lazenby,vlazenby24@google.com.hk,Male,45.48
78,Hashim,Stallworthy,hstallworthy25@github.com,Male,60.03
79,Lucian,Fittes,lfittes26@tamu.edu,Male,6.88
80,Carmelle,Storch,cstorch27@techcrunch.com,Female,27.41
81,Garek,Oiller,goiller28@webs.com,Male,95.08
82,Grange,Dahlgren,gdahlgren29@toplist.cz,Male,55.44
83,Mort,Josilowski,mjosilowski2a@quantcast.com,Male,26.08
84,Cullen,Bartoshevich,cbartoshevich2b@buzzfeed.com,Male,98.77
85,Verla,Laudham,vlaudham2c@skype.com,Female,3.73
86,Elsa,Kidney,ekidney2d@paginegialle.it,Female,7.76
87,Avrit,Woolbrook,awoolbrook2e@nba.com,Female,93.8
88,Berthe,Elijahu,belijahu2f@state.gov,Female,40.77
89,Adriana,Speak,aspeak2g@bbb.org,Female,36.07
90,Sibbie,Quinnette,squinnette2h@go.com,Female,66.69
91,Garrick,Bratton,gbratton2i@unblog.fr,Male,77.13
92,Ruthann,Longford,rlongford2j@salon.com,Female,66.55
93,Chrissie,Blasiak,cblasiak2k@state.gov,Female,35.86
94,Terrence,Simson,tsimson2l@parallels.com,Male,83.23
95,Gay,Piddle,gpiddle2m@home.pl,Male,49.19
96,Friedrich,Geard,fgeard2n@scribd.com,Male,21.75
97,Barbie,Glasby,bglasby2o@bluehost.com,Female,3.18
98,Jade,Reading,jreading2p@tuttocitta.it,Female,49.82
99,Lari,Yakebovitch,lyakebovitch2q@businessweek.com,Female,36.05
100,Sammy,Drought,sdrought2r@weibo.com,Female,31.08
101,Culley,Lapping,clapping2s@slideshare.net,Male,3.5
102,Dante,Garr,dgarr2t@patch.com,Male,5.53
103,Garwin,Grimwood,ggrimwood2u@4shared.com,Male,64.56
104,Madalyn,Osbiston,mosbiston2v@furl.net,Female,71.26
105,Cesya,Milroy,cmilroy2w@vinaora.com,Female,43.28
106,Edan,Jeanneau,ejeanneau2x@alexa.com,Male,70.0
107,Zorah,Dyett,zdyett2y@sfgate.com,Female,15.2
108,Mellisa,Bernardt,mbernardt2z@4shared.com,Female,59.84
109,Nani,Meegan,nmeegan30@youtu.be,Female,86.7
110,Benjamin,Roze,broze31@microsoft.com,Male,41.76
111,Nevin,Mushett,nmushett32@bing.com,Male,54.36
112,Jeniece,Preddle,jpreddle33@vinaora.com,Female,88.83
113,Katleen,Poundford,kpoundford34@house.gov,Female,13.48
114,Emanuel,Dominka,edominka35@apple.com,Male,25.87
115,Bettina,St. John,bstjohn36@icq.com,Female,84.47
116,Binni,Earwicker,bearwicker37@stanford.edu,Female,79.39
117,Lorri,Cund,lcund38@ft.com,Female,7.18
118,Fae,Hollingby,fhollingby39@nps.gov,Female,3.78
119,Bendick,Stife,bstife3a@etsy.com,Male,22.16
120,Sherri,Loveredge,sloveredge3b@mediafire.com,Female,50.84
121,Farris,Kennealy,fkennealy3c@wix.com,Male,51.8
122,Gene,Hurles,ghurles3d@narod.ru,Female,34.99
123,Mathe,Rosenbaum,mrosenbaum3e@guardian.co.uk,Male,31.41
124,Reta,Schwandner,rschwandner3f@usgs.gov,Female,7.17
125,Lazarus,Hurley,lhurley3g@flavors.me,Male,15.04
126,Marchelle,Piquard,mpiquard3h@example.com,Female,99.17
127,Karine,Izkovitch,kizkovitch3i@wsj.com,Female,96.13
128,Valina,Hindmoor,vhindmoor3j@walmart.com,Female,40.5
129,Papagena,Litchmore,plitchmore3k@slashdot.org,Female,43.88
130,Ranique,Emlin,remlin3l@omniture.com,Female,19.58
131,Evangelin,Fiddian,efiddian3m@yellowpages.com,Female,97.19
132,Oby,Beldom,obeldom3n@wunderground.com,Male,32.02
133,Danila,Danilin,ddanilin3o@gravatar.com,Female,63.94
134,Sondra,Hale,shale3p@youtu.be,Female,5.2
135,Richart,Eallis,reallis3q@shop-pro.jp,Male,30.8
136,Matias,Pellamont,mpellamont3r@state.tx.us,Male,81.96
137,Ainsley,Lethabridge,alethabridge3s@i2i.jp,Female,21.08
138,Mickey,Arnould,marnould3t@ning.com,Male,23.61
139,Liv,Spancock,lspancock3u@craigslist.org,Female,5.93
140,Dulcy,Kemball,dkemball3v@mtv.com,Female,39.15
141,Lem,Olyfant,lolyfant3w@illinois.edu,Male,10.75
142,Glendon,Hammill,ghammill3x@posterous.com,Male,73.29
143,Avram,Grestye,agrestye3y@nydailynews.com,Male,92.14
144,Marketa,Conrart,mconrart3z@hugedomains.com,Female,82.01
145,Ariana,Dicken,adicken40@liveinternet.ru,Female,30.22
146,Abby,Commings,acommings41@theguardian.com,Female,18.69
147,Umberto,Fuggles,ufuggles42@ehow.com,Male,24.81
148,Lynsey,Chrisp,lchrisp43@list-manage.com,Female,15.03
149,Ettie,Wivell,ewivell44@cnet.com,Female,95.05
150,Romona,Ranyard,rranyard45@ask.com,Female,68.07
151,Gnni,Mayers,gmayers46@webs.com,Female,27.99
152,Bink,Dullingham,bdullingham47@paginegialle.it,Male,35.62
153,Jethro,Lenton,jlenton48@fotki.com,Male,92.91
154,Fran,Bendon,fbendon49@bloomberg.com,Male,5.48
155,Hinze,Purcer,hpurcer4a@apache.org,Male,11.5
156,Josy,Shewry,jshewry4b@shareasale.com,Female,81.96
157,Marion,Addekin,maddekin4c@bandcamp.com,Male,30.88
158,Ellary,Giampietro,egiampietro4d@topsy.com,Male,8.42
159,Fabian,Lawman,flawman4e@narod.ru,Male,84.53
160,Bastian,Scrivner,bscrivner4f@who.int,Male,19.44
161,Caryl,Kleinmintz,ckleinmintz4g@huffingtonpost.com,Male,98.59
162,Golda,McCoish,gmccoish4h@discovery.com,Female,14.66
163,Essa,Weetch,eweetch4i@e-recht24.de,Female,94.88
164,Netta,Dulton,ndulton4j@phpbb.com,Female,75.46
165,Torr,Elward,telward4k@umich.edu,Male,6.75
166,Raimundo,Saltsberg,rsaltsberg4l@marriott.com,Male,11.34
167,Brietta,Honnicott,bhonnicott4m@weibo.com,Female,66.91
168,Mallissa,Schrieves,mschrieves4n@wisc.edu,Female,88.36
169,Delinda,Everal,deveral4o@goodreads.com,Female,46.82
170,Frances,Tarbox,ftarbox4p@altervista.org,Female,9.43
171,Frederico,Rispin,frispin4q@ihg.com,Male,33.64
172,Timmi,Jacobbe,tjacobbe4r@amazon.co.uk,Female,48.92
173,Steffen,Cordie,scordie4s@etsy.com,Male,46.61
174,Jayson,Coxhead,jcoxhead4t@free.fr,Male,51.44
175,Emyle,Thulborn,ethulborn4u@so-net.ne.jp,Female,47.99
176,Juliann,Mannie,jmannie4v@wired.com,Female,75.53
177,Rossy,Dalyiel,rdalyiel4w@wired.com,Male,0.06
178,Suellen,Kilmary,skilmary4x@howstuffworks.com,Female,58.11
179,Meade,Matson,mmatson4y@tiny.cc,Male,16.93
180,Carney,Mitchenson,cmitchenson4z@youtube.com,Male,31.26
181,Trixie,Farnan,tfarnan50@4shared.com,Female,30.46
182,Sax,Keers,skeers51@microsoft.com,Male,80.58
183,Shurlock,Crassweller,scrassweller52@topsy.com,Male,84.08
184,Glenine,Woolbrook,gwoolbrook53@people.com.cn,Female,81.26
185,Pren,Betterton,pbetterton54@berkeley.edu,Male,39.8
186,Ignatius,Ekless,iekless55@people.com.cn,Male,16.59
187,Dulcie,Killimister,dkillimister56@soup.io,Female,67.75
188,Linea,Mumbey,lmumbey57@free.fr,Female,4.19
189,Maddie,Loukes,mloukes58@issuu.com,Male,18.45
190,Jenda,Lenden,jlenden59@dot.gov,Female,45.6
191,Levon,Nyles,lnyles5a@marriott.com,Male,15.98
192,Drona,Scholtis,dscholtis5b@hatena.ne.jp,Female,26.08
193,Sherlock,Beslier,sbeslier5c@vistaprint.com,Male,40.69
194,Kerrie,Grollmann,kgrollmann5d@kickstarter.com,Female,48.72
195,Brooks,Kornas,bkornas5e@mysql.com,Female,41.33
196,Fonz,Gorrick,fgorrick5f@cnbc.com,Male,88.14
197,Herrick,Manjin,hmanjin5g@ox.ac.uk,Male,53.98
198,Barry,Wardale,bwardale5h@multiply.com,Female,96.24
199,Northrop,Clemot,nclemot5i@state.tx.us,Male,8.11
200,Kari,Goodbar,kgoodbar5j@cocolog-nifty.com,Female,16.0
201,Phillida,Oxenford,poxenford5k@ftc.gov,Female,86.69
202,Beck,Surgood,bsurgood5l@gmpg.org,Male,50.91
203,Melodie,Vell,mvell5m@digg.com,Female,60.53
204,Sawyer,Cool,scool5n@hexun.com,Male,96.57
205,Cherri,Sayward,csayward5o@smh.com.au,Female,21.91
206,Celle,Cino,ccino5p@npr.org,Female,93.07
207,Giuseppe,Duckit,gduckit5q@diigo.com,Male,14.06
208,Blisse,Sherrett,bsherrett5r@seattletimes.com,Female,48.75
209,Thorndike,Redihalgh,tredihalgh5s@springer.com,Male,61.27
210,Em,Britney,ebritney5t@bandcamp.com,Female,44.91
211,Liuka,Kampshell,lkampshell5u@gov.uk,Female,54.63
212,Lib,Dackombe,ldackombe5v@nhs.uk,Female,30.01
213,Katherina,Zannotelli,kzannotelli5w@virginia.edu,Female,94.6
214,Yard,Greguoli,ygreguoli5x@ustream.tv,Male,78.76
215,Isidora,Pruvost,ipruvost5y@sciencedirect.com,Female,89.92
216,Irena,Holme,iholme5z@uol.com.br,Female,74.14
217,Kennan,Heine,kheine60@parallels.com,Male,34.79
218,Emerson,Schubart,eschubart61@hostgator.com,Male,11.26
219,Leslie,Deelay,ldeelay62@opera.com,Male,42.32
220,Muriel,Patshull,mpatshull63@about.com,Female,30.48
221,Shanon,Gilstin,sgilstin64@drupal.org,Female,45.91
222,Wayland,Scoines,wscoines65@toplist.cz,Male,29.37
223,Maybelle,Perrington,mperrington66@columbia.edu,Female,22.44
224,Dorotea,Allanson,dallanson67@theguardian.com,Female,79.76
225,Iggie,Aggiss,iaggiss68@ucoz.ru,Male,40.98
226,Nikolas,Yemm,nyemm69@networksolutions.com,Male,63.03
227,Brittany,Ludovico,bludovico6a@theatlantic.com,Female,58.11
228,Talia,Tunaclift,ttunaclift6b@amazon.co.uk,Female,33.03
229,Camella,Astlatt,castlatt6c@dyndns.org,Female,73.88
230,Chip,Tutchell,ctutchell6d@trellian.com,Male,10.48
231,Hermia,Seeks,hseeks6e@jigsy.com,Female,65.27
232,Katheryn,Morot,kmorot6f@deliciousdays.com,Female,95.51
233,Flora,Bendik,fbendik6g@dailymail.co.uk,Female,67.98
234,Pauletta,Aizik,paizik6h@constantcontact.com,Female,4.28
235,Benjie,Bellay,bbellay6i@skype.com,Male,51.6
236,Rollo,Matthius,rmatthius6j@mysql.com,Male,35.55
237,Clemence,Southers,csouthers6k@odnoklassniki.ru,Female,44.3
238,Cazzie,Columbine,ccolumbine6l@addtoany.com,Male,81.53
239,Alonzo,Everley,aeverley6m@prlog.org,Male,75.06
240,Ferdinanda,Bygott,fbygott6n@privacy.gov.au,Female,43.29
241,Benedikta,Phebee,bphebee6o@flickr.com,Female,25.02
242,Ame,Klaaasen,aklaaasen6p@springer.com,Female,67.68
243,Francklyn,Mougel,fmougel6q@fda.gov,Male,42.96
244,Nate,Campany,ncampany6r@lycos.com,Male,24.31
245,Merlina,Yerlett,myerlett6s@pinterest.com,Female,29.2
246,Gordie,Studholme,gstudholme6t@goodreads.com,Male,80.32
247,Shalna,Verney,sverney6u@delicious.com,Female,34.98
248,Regan,Terbruggen,rterbruggen6v@flickr.com,Male,19.5
249,Zelda,Sedgebeer,zsedgebeer6w@topsy.com,Female,90.68
250,Tanney,Mobberley,tmobberley6x@msu.edu,Male,57.3
251,Cathie,Juste,cjuste6y@freewebs.com,Female,75.87
252,Sherline,Dudin,sdudin6z@apple.com,Female,88.66
253,Bettina,Tann,btann70@vistaprint.com,Female,9.33
254,Sarena,Huckin,shuckin71@yahoo.com,Female,39.72
255,Hyacinthe,Norville,hnorville72@globo.com,Female,61.24
256,Jody,Niese,jniese73@technorati.com,Male,64.98
257,Ogdan,Soal,osoal74@amazon.com,Male,95.33
258,Currey,Dencs,cdencs75@trellian.com,Male,80.93
259,Lyndell,Neville,lneville76@wunderground.com,Female,47.28
260,Patty,Seers,pseers77@macromedia.com,Female,25.47
261,Kit,Treadwell,ktreadwell78@ted.com,Male,79.89
262,Mikol,Hundey,mhundey79@dyndns.org,Male,76.38
263,Hasheem,Erley,herley7a@apple.com,Male,29.71
264,Leisha,Kretchmer,lkretchmer7b@webmd.com,Female,56.07
265,Linet,Riccione,lriccione7c@oaic.gov.au,Female,15.58
266,Persis,Applewhite,papplewhite7d@harvard.edu,Female,99.75
267,Paxon,Kits,pkits7e@google.com.hk,Male,87.07
268,Arnaldo,Hudd,ahudd7f@jimdo.com,Male,77.9
269,Jarid,Kunc,jkunc7g@upenn.edu,Male,72.02
270,Dare,Limrick,dlimrick7h@twitter.com,Male,0.17
271,Sherline,Leggate,sleggate7i@usatoday.com,Female,93.21
272,Clark,Limb,climb7j@shutterfly.com,Male,46.91
273,Olin,Cutridge,ocutridge7k@ftc.gov,Male,93.0
274,Kevina,Devas,kdevas7l@xrea.com,Female,88.76
275,Hillary,Rubi,hrubi7m@prweb.com,Male,19.69
276,Giordano,Scotter,gscotter7n@amazon.de,Male,16.78
277,Janina,MacFaul,jmacfaul7o@independent.co.uk,Female,45.41
278,Richmond,Jaquin,rjaquin7p@state.gov,Male,63.02
279,Benedick,Thickens,bthickens7q@usatoday.com,Male,13.11
280,Aubine,Lamburne,alamburne7r@mozilla.org,Female,39.28
281,Bord,Gauge,bgauge7s@people.com.cn,Male,43.48
282,Sisile,Buckingham,sbuckingham7t@php.net,Female,44.15
283,Blythe,Issac,bissac7u@freewebs.com,Female,77.58
284,Clarice,Stearn,cstearn7v@shop-pro.jp,Female,66.53
285,Andrey,Trimnell,atrimnell7w@theatlantic.com,Male,56.72
286,Shelley,Goburn,sgoburn7x@craigslist.org,Female,7.67
287,Harriot,Pagram,hpagram7y@cpanel.net,Female,45.81
288,Ramsey,Chuter,rchuter7z@wordpress.org,Male,80.53
289,Hagen,Vanin,hvanin80@cmu.edu,Male,21.72
290,Lindie,Gouldthorpe,lgouldthorpe81@php.net,Female,49.37
291,Cristiano,Gilligan,cgilligan82@apple.com,Male,56.99
292,Victor,Menilove,vmenilove83@ucoz.ru,Male,80.05
293,Vincenty,Stampe,vstampe84@ed.gov,Male,5.4
294,Ealasaid,Willoughby,ewilloughby85@fc2.com,Female,44.93
295,Lothaire,Towe,ltowe86@reuters.com,Male,1.93
296,Cornell,Van der Linde,cvanderlinde87@wufoo.com,Male,40.6
297,Leona,Tappor,ltappor88@blogspot.com,Female,98.64
298,Corrine,Ivanilov,civanilov89@123-reg.co.uk,Female,23.05
299,Carlie,Arpur,carpur8a@vkontakte.ru,Female,37.91
300,Lorette,Gooderidge,lgooderidge8b@cdc.gov,Female,31.01
301,Glynn,Crampton,gcrampton8c@studiopress.com,Male,54.7
302,Ole,Yes,oyes8d@bloomberg.com,Male,23.69
303,Margy,Blackney,mblackney8e@tripadvisor.com,Female,55.88
304,Ainslee,Measor,ameasor8f@moonfruit.com,Female,19.58
305,Belle,Pieter,bpieter8g@si.edu,Female,23.05
306,Brian,Mustill,bmustill8h@paginegialle.it,Male,39.87
307,Garvy,Ashling,gashling8i@weebly.com,Male,63.49
308,Roth,Trimmell,rtrimmell8j@ebay.com,Male,29.09
309,Pauletta,Goodlett,pgoodlett8k@wordpress.com,Female,52.12
310,Rand,Sturdey,rsturdey8l@seattletimes.com,Male,82.95
311,Anestassia,Purveys,apurveys8m@joomla.org,Female,2.67
312,Torre,Sinkings,tsinkings8n@reddit.com,Male,67.94
313,Corbet,Clissell,cclissell8o@blinklist.com,Male,62.68
314,Stearn,Panther,spanther8p@arizona.edu,Male,23.85
315,Hayley,De Moreno,hdemoreno8q@salon.com,Female,73.07
316,Fionnula,Pharo,fpharo8r@ycombinator.com,Female,84.09
317,Beatrix,Willerson,bwillerson8s@multiply.com,Female,55.4
318,Brandise,Keal,bkeal8t@spotify.com,Female,62.54
319,Elvyn,Guirard,eguirard8u@irs.gov,Male,79.31
320,Gusty,McLeod,gmcleod8v@hc360.com,Female,56.62
321,Allister,Cavy,acavy8w@globo.com,Male,23.75
322,Niel,Whymark,nwhymark8x@imdb.com,Male,57.7
323,Norton,O'Luney,noluney8y@msn.com,Male,21.95
324,Aksel,Stanyard,astanyard8z@elpais.com,Male,3.49
325,Yettie,Bodill,ybodill90@ft.com,Female,41.34
326,Melosa,McLoughlin,mmcloughlin91@census.gov,Female,39.22
327,Lauri,Cornford,lcornford92@ehow.com,Female,16.69
328,Jamil,McArdle,jmcardle93@pbs.org,Male,81.95
329,Hermia,Monger,hmonger94@boston.com,Female,97.87
330,Fidole,Gladman,fgladman95@g.co,Male,69.52
331,Stefa,Conquer,sconquer96@nasa.gov,Female,71.86
332,Kinnie,Essery,kessery97@themeforest.net,Male,3.87
333,Garvin,Kefford,gkefford98@wikispaces.com,Male,2.13
334,Mariette,Crouse,mcrouse99@merriam-webster.com,Female,72.12
335,Barron,Knappett,bknappett9a@w3.org,Male,39.8
336,Rasia,Blowick,rblowick9b@oaic.gov.au,Female,80.96
337,Judon,Clapperton,jclapperton9c@flavors.me,Male,96.82
338,Camey,McCree,cmccree9d@virginia.edu,Male,33.53
339,Yurik,Siveter,ysiveter9e@stanford.edu,Male,40.03
340,Ivette,Maris,imaris9f@flickr.com,Female,96.43
341,Elsbeth,Cristofanini,ecristofanini9g@liveinternet.ru,Female,67.99
342,Manda,Armin,marmin9h@cdbaby.com,Female,25.08
343,Ricca,Strotton,rstrotton9i@e-recht24.de,Female,38.48
344,Sayre,Aylwin,saylwin9j@bravesites.com,Female,49.46
345,Kacy,Lassen,klassen9k@microsoft.com,Female,31.57
346,Alleyn,Goss,agoss9l@tumblr.com,Male,56.4
347,Roy,Bampford,rbampford9m@taobao.com,Male,52.19
348,Elyse,Tiddeman,etiddeman9n@moonfruit.com,Female,22.33
349,Jeremiah,Wesker,jwesker9o@fotki.com,Male,16.95
350,Ronna,Spindler,rspindler9p@admin.ch,Female,87.07
351,Kyrstin,Issatt,kissatt9q@unblog.fr,Female,44.19
352,Niven,Addenbrooke,naddenbrooke9r@statcounter.com,Male,36.72
353,Grannie,Freschi,gfreschi9s@mayoclinic.com,Male,24.21
354,Nannette,Goucher,ngoucher9t@t-online.de,Female,40.13
355,Bone,Jewes,bjewes9u@g.co,Male,68.22
356,Martha,Waple,mwaple9v@clickbank.net,Female,28.2
357,Abelard,Gallatly,agallatly9w@360.cn,Male,55.67
358,Krispin,Searles,ksearles9x@uiuc.edu,Male,99.01
359,Bernadette,Toler,btoler9y@wsj.com,Female,93.06
360,Natka,O'Dogherty,nodogherty9z@t-online.de,Female,94.94
361,Salomo,McKmurrie,smckmurriea0@sakura.ne.jp,Male,63.97
362,Bartolemo,Rickcord,brickcorda1@noaa.gov,Male,18.11
363,Tisha,Fawckner,tfawcknera2@canalblog.com,Female,33.88
364,Hollie,Roust,hrousta3@google.de,Female,97.34
365,Noland,Attride,nattridea4@delicious.com,Male,73.72
366,Erina,Checci,echeccia5@wordpress.org,Female,86.71
367,Tommie,Sinnett,tsinnetta6@google.de,Female,40.94
368,Shea,Skillen,sskillena7@berkeley.edu,Male,1.08
369,Gale,Tevelov,gtevelova8@godaddy.com,Male,9.91
370,Granville,Wortley,gwortleya9@ftc.gov,Male,0.4
371,Fredi,Lawford,flawfordaa@upenn.edu,Female,18.47
372,Curtice,Shory,cshoryab@bloomberg.com,Male,2.61
373,Coleman,Baseley,cbaseleyac@plala.or.jp,Male,62.12
374,Philippine,Wilbor,pwilborad@storify.com,Female,42.12
375,Gualterio,Murden,gmurdenae@moonfruit.com,Male,86.13
376,Wylma,Petrelluzzi,wpetrelluzziaf@jiathis.com,Female,1.61
377,Aharon,Pettyfer,apettyferag@zdnet.com,Male,11.95
378,Mattie,Gibbens,mgibbensah@google.cn,Female,34.22
379,Thea,O'Fogarty,tofogartyai@123-reg.co.uk,Female,45.47
380,Sybila,O'Sheilds,sosheildsaj@unesco.org,Female,20.94
381,Anson,Leveridge,aleveridgeak@mlb.com,Male,47.87
382,Case,Linfoot,clinfootal@devhub.com,Male,20.28
383,Ewart,Goning,egoningam@pinterest.com,Male,80.34
384,Marlene,Janczewski,mjanczewskian@boston.com,Female,81.75
385,Clerissa,Baszkiewicz,cbaszkiewiczao@usa.gov,Female,44.13
386,Kania,Croft,kcroftap@hatena.ne.jp,Female,18.56
387,Gusta,Downham,gdownhamaq@sogou.com,Female,62.73
388,Glynda,Otterwell,gotterwellar@histats.com,Female,77.46
389,Edita,Gildersleeve,egildersleeveas@yandex.ru,Female,37.12
390,Skelly,Fairbourne,sfairbourneat@samsung.com,Male,36.73
391,Xever,Lathey,xlatheyau@adobe.com,Male,94.27
392,Booth,Bellerby,bbellerbyav@wordpress.com,Male,53.41
393,Curr,Showl,cshowlaw@jimdo.com,Male,90.11
394,Margeaux,Beteriss,mbeterissax@earthlink.net,Female,76.42
395,Ardys,Done,adoneay@bloomberg.com,Female,65.94
396,Dore,Stirton,dstirtonaz@twitter.com,Female,75.75
397,Ameline,Merryweather,amerryweatherb0@ft.com,Female,83.95
398,Kinsley,Sleford,kslefordb1@myspace.com,Male,21.35
399,Ulrike,Devonish,udevonishb2@intel.com,Female,98.27
400,Muffin,Welband,mwelbandb3@examiner.com,Male,53.62
401,Ring,Potapczuk,rpotapczukb4@quantcast.com,Male,22.45
402,Erina,Saggers,esaggersb5@sphinn.com,Female,27.63
403,Flemming,Harwin,fharwinb6@symantec.com,Male,44.38
404,Darcey,Layburn,dlayburnb7@sakura.ne.jp,Female,84.03
405,Sammy,Seamon,sseamonb8@lycos.com,Female,25.78
406,Tiffanie,Donativo,tdonativob9@amazon.co.uk,Female,97.01
407,Jay,Penny,jpennyba@addtoany.com,Male,50.44
408,Allyson,Daburn,adaburnbb@stumbleupon.com,Female,26.0
409,Coleman,Godridge,cgodridgebc@house.gov,Male,10.69
410,Demetri,O'Gorman,dogormanbd@ycombinator.com,Male,91.92
411,Goldia,Ruppert,gruppertbe@opera.com,Female,68.6
412,Kip,Tebbut,ktebbutbf@go.com,Male,74.5
413,Alberto,Dobbie,adobbiebg@cdbaby.com,Male,80.8
414,Charmion,Finkle,cfinklebh@pen.io,Female,96.32
415,Kev,Fairebrother,kfairebrotherbi@yandex.ru,Male,15.35
416,Garwin,Ney,gneybj@sciencedirect.com,Male,17.52
417,Helge,Linbohm,hlinbohmbk@uol.com.br,Female,26.65
418,Karlis,Demanche,kdemanchebl@irs.gov,Male,82.56
419,Horatius,Gabitis,hgabitisbm@umich.edu,Male,41.28
420,Pietro,Davitashvili,pdavitashvilibn@4shared.com,Male,50.02
421,Bryna,Zuann,bzuannbo@seattletimes.com,Female,6.77
422,Amalea,Jacmard,ajacmardbp@dailymail.co.uk,Female,84.45
423,Shirley,Swabey,sswabeybq@oaic.gov.au,Female,94.93
424,Annabella,Delves,adelvesbr@latimes.com,Female,34.59
425,Baxy,Kempston,bkempstonbs@cbslocal.com,Male,51.05
426,Nara,Petrulis,npetrulisbt@creativecommons.org,Female,0.42
427,Emmye,Bierton,ebiertonbu@discuz.net,Female,48.42
428,Sapphira,Caras,scarasbv@reuters.com,Female,6.57
429,Alex,Blincko,ablinckobw@skyrock.com,Male,11.42
430,Dyane,Penfold,dpenfoldbx@home.pl,Female,4.64
431,Dillie,Carding,dcardingby@economist.com,Male,97.94
432,Thomas,Munkton,tmunktonbz@gravatar.com,Male,79.64
433,Trudie,Stickens,tstickensc0@businessinsider.com,Female,19.45
434,Annis,Casiroli,acasirolic1@moonfruit.com,Female,33.37
435,Thurstan,Marchetti,tmarchettic2@mysql.com,Male,51.97
436,Cyndia,McNeish,cmcneishc3@constantcontact.com,Female,54.63
437,Wolfgang,Cockerham,wcockerhamc4@yale.edu,Male,53.69
438,Wayland,Grayshan,wgrayshanc5@blogs.com,Male,62.91
439,Novelia,Moxsom,nmoxsomc6@usgs.gov,Female,54.35
440,Reg,Paye,rpayec7@unesco.org,Male,83.43
441,Lenci,Maudson,lmaudsonc8@sfgate.com,Male,47.16
442,Diane,Gasken,dgaskenc9@si.edu,Female,78.4
443,Walker,Bascombe,wbascombeca@yahoo.com,Male,8.3
444,Regine,Bushaway,rbushawaycb@de.vu,Female,49.14
445,Jacinta,Olkowicz,jolkowiczcc@blogger.com,Female,45.72
446,Rianon,Gardener,rgardenercd@baidu.com,Female,34.76
447,Luisa,Brecknall,lbrecknallce@shinystat.com,Female,46.85
448,Sisile,Pippard,spippardcf@pen.io,Female,43.68
449,Stillmann,Barenski,sbarenskicg@hubpages.com,Male,39.9
450,Darby,Gatrill,dgatrillch@dedecms.com,Male,35.45
451,Davina,Sainteau,dsainteauci@cnn.com,Female,92.97
452,Lorrayne,Pook,lpookcj@washington.edu,Female,50.26
453,Hallsy,Eckersall,heckersallck@narod.ru,Male,40.74
454,Everett,Tolossi,etolossicl@paypal.com,Male,41.92
455,Theresita,Dundredge,tdundredgecm@cocolog-nifty.com,Female,18.57
456,Ilyssa,Emblem,iemblemcn@zimbio.com,Female,73.58
457,Karyn,Gerrietz,kgerrietzco@delicious.com,Female,15.67
458,Mattie,Dellar,mdellarcp@stanford.edu,Male,35.66
459,Rolland,Eddisford,reddisfordcq@newsvine.com,Male,16.78
460,Boy,Grivori,bgrivoricr@uol.com.br,Male,33.84
461,Sarita,Madoc-Jones,smadocjonescs@fda.gov,Female,90.58
462,Ansell,Pikesley,apikesleyct@nature.com,Male,16.89
463,Clary,Laughton,claughtoncu@cornell.edu,Female,56.66
464,Else,Pasterfield,epasterfieldcv@howstuffworks.com,Female,0.89
465,Pryce,Bartosek,pbartosekcw@scientificamerican.com,Male,11.05
466,Benetta,Mackney,bmackneycx@pagesperso-orange.fr,Female,7.26
467,Maddy,Behnen,mbehnency@multiply.com,Female,18.62
468,Ade,Torrent,atorrentcz@dion.ne.jp,Male,30.29
469,Melamie,Kobelt,mkobeltd0@dropbox.com,Female,99.38
470,Hersch,Grovier,hgrovierd1@google.ca,Male,6.73
471,Patrica,Gronow,pgronowd2@imdb.com,Female,36.15
472,Shamus,Forryan,sforryand3@booking.com,Male,75.99
473,Joya,Arbon,jarbond4@seattletimes.com,Female,55.96
474,Modesty,Winchurst,mwinchurstd5@patch.com,Female,26.31
475,Jasmine,Cutler,jcutlerd6@blinklist.com,Female,50.65
476,Evangelia,MacBarron,emacbarrond7@state.tx.us,Female,98.21
477,Rriocard,Lambie,rlambied8@shop-pro.jp,Male,85.08
478,Quent,Wildbore,qwildbored9@behance.net,Male,58.05
479,Mollee,Grissett,mgrissettda@usda.gov,Female,20.35
480,Nell,Sibylla,nsibylladb@theguardian.com,Female,65.3
481,Katey,Haberfield,khaberfielddc@ucoz.com,Female,41.81
482,Evelin,Oluwatoyin,eoluwatoyindd@51.la,Male,58.3
483,Genovera,Schulze,gschulzede@instagram.com,Female,43.01
484,Petrina,Minchenton,pminchentondf@cyberchimps.com,Female,33.54
485,Ferdie,Folger,ffolgerdg@usa.gov,Male,11.09
486,Rikki,Kennett,rkennettdh@twitter.com,Male,27.61
487,Kassia,Mapples,kmapplesdi@xrea.com,Female,12.05
488,Addie,Buzin,abuzindj@bloglines.com,Male,80.98
489,Amii,Grzelak,agrzelakdk@cornell.edu,Female,34.36
490,Faulkner,Rayson,fraysondl@princeton.edu,Male,37.86
491,Alvera,Jurgen,ajurgendm@ca.gov,Female,34.02
492,Spenser,Caldera,scalderadn@wiley.com,Male,37.42
493,Rosalinde,McGinley,rmcginleydo@ucla.edu,Female,14.27
494,Brena,Gantz,bgantzdp@thetimes.co.uk,Female,68.76
495,Gregg,Molden,gmoldendq@phoca.cz,Male,64.03
496,Kristi,Sproat,ksproatdr@businesswire.com,Female,97.58
497,Freida,Jansa,fjansads@google.com.au,Female,42.82
498,Davie,Bickersteth,dbickerstethdt@spotify.com,Male,68.19
499,Myra,Simants,msimantsdu@stumbleupon.com,Female,86.39
500,Marshall,Lambertz,mlambertzdv@google.cn,Male,78.34
501,Wallie,Riste,wristedw@imageshack.us,Female,33.52
502,Lotte,Webborn,lwebborndx@csmonitor.com,Female,72.85
503,Nehemiah,Antonov,nantonovdy@i2i.jp,Male,30.03
504,Thorpe,Rushbury,trushburydz@over-blog.com,Male,45.69
505,Justinian,Yeomans,jyeomanse0@ebay.co.uk,Male,8.95
506,Ichabod,Rickhuss,irickhusse1@i2i.jp,Male,9.95
507,Giusto,Bogays,gbogayse2@marketwatch.com,Male,88.01
508,Rakel,Etter,rettere3@technorati.com,Female,38.13
509,Roxanna,Battson,rbattsone4@macromedia.com,Female,73.56
510,Leonidas,Braune,lbraunee5@home.pl,Male,48.84
511,Livvy,Cain,lcaine6@usatoday.com,Female,74.66
512,Enoch,Radbond,eradbonde7@gravatar.com,Male,71.69
513,Kora,Riall,krialle8@nature.com,Female,58.87
514,Desiree,Clurow,dclurowe9@nifty.com,Female,4.58
515,Iormina,Tumpane,itumpaneea@salon.com,Female,41.63
516,Riley,Ruppert,rrupperteb@aol.com,Male,71.79
517,Heywood,Clifforth,hclifforthec@arizona.edu,Male,66.43
518,Claudian,Carslaw,ccarslawed@yelp.com,Male,66.95
519,Madeleine,Letcher,mletcheree@yolasite.com,Female,40.92
520,Florian,Keyes,fkeyesef@epa.gov,Male,51.38
521,Jilli,Vowell,jvowelleg@jigsy.com,Female,74.6
522,Bartholomeus,Demkowicz,bdemkowiczeh@ycombinator.com,Male,86.81
523,Janeczka,Synan,jsynanei@skyrock.com,Female,80.47
524,Wallace,Rizzetti,wrizzettiej@privacy.gov.au,Male,10.22
525,Swen,Sweetland,ssweetlandek@wisc.edu,Male,66.86
526,Artair,Boller,abollerel@smugmug.com,Male,76.98
527,Raddie,Copson,rcopsonem@slashdot.org,Male,77.37
528,Peter,Kobera,pkoberaen@tumblr.com,Male,8.92
529,Mendie,Kimbrough,mkimbrougheo@yelp.com,Male,55.81
530,Welch,Frise,wfriseep@wikimedia.org,Male,39.18
531,Keith,Simcox,ksimcoxeq@twitpic.com,Male,30.72
532,Bellanca,Dowthwaite,bdowthwaiteer@intel.com,Female,2.57
533,Montague,Van't Hoff,mvanthoffes@wix.com,Male,4.51
534,Heidi,Rolls,hrollset@goo.ne.jp,Female,47.44
535,Elmer,De Witt,edewitteu@irs.gov,Male,52.7
536,Gabie,MacCaig,gmaccaigev@list-manage.com,Male,39.28
537,Jeffry,Luckes,jluckesew@hud.gov,Male,18.45
538,Nathaniel,Dalzell,ndalzellex@utexas.edu,Male,47.59
539,Barbara-anne,Warrilow,bwarrilowey@examiner.com,Female,58.68
540,Dacia,Dartnall,ddartnallez@nyu.edu,Female,95.41
541,Philomena,Meany,pmeanyf0@blogspot.com,Female,98.93
542,Blithe,Henrie,bhenrief1@telegraph.co.uk,Female,29.9
543,Brook,End,bendf2@time.com,Male,90.72
544,Lorain,Boards,lboardsf3@t.co,Female,73.48
545,Constantine,Mustchin,cmustchinf4@vimeo.com,Male,9.59
546,Natalya,Bradock,nbradockf5@techcrunch.com,Female,64.26
547,Renell,Bartoli,rbartolif6@alexa.com,Female,11.34
548,Giffer,Bridie,gbridief7@yellowpages.com,Male,24.19
549,Sherwin,Mammatt,smammattf8@uiuc.edu,Male,13.87
550,Flori,Geratt,fgerattf9@canalblog.com,Female,46.71
551,Ogden,Coggeshall,ocoggeshallfa@instagram.com,Male,85.9
552,Lambert,Brockington,lbrockingtonfb@spotify.com,Male,86.21
553,Bonnibelle,Eve,bevefc@vkontakte.ru,Female,36.25
554,Tabina,Rebbeck,trebbeckfd@technorati.com,Female,90.36
555,Costa,Wedlock,cwedlockfe@bbc.co.uk,Male,2.98
556,Humphrey,Howley,hhowleyff@gov.uk,Male,16.71
557,Mitch,Groneway,mgronewayfg@reverbnation.com,Male,92.78
558,Tait,Coopman,tcoopmanfh@gov.uk,Male,23.17
559,Sara-ann,Ealam,sealamfi@cargocollective.com,Female,35.98
560,Dolf,Lancaster,dlancasterfj@biglobe.ne.jp,Male,11.21
561,Judy,Moral,jmoralfk@unblog.fr,Female,8.03
562,Isaac,Donat,idonatfl@whitehouse.gov,Male,2.36
563,Ashil,Mountain,amountainfm@youtube.com,Female,56.1
564,Rozanne,Rennocks,rrennocksfn@123-reg.co.uk,Female,5.82
565,Marlowe,Hallwell,mhallwellfo@umn.edu,Male,9.53
566,Der,Daville,ddavillefp@dailymail.co.uk,Male,88.68
567,Fredrick,Reneke,frenekefq@go.com,Male,81.47
568,Benita,McMinn,bmcminnfr@pbs.org,Female,46.6
569,Hildagard,Wooffinden,hwooffindenfs@ibm.com,Female,60.74
570,Lelah,Rosewall,lrosewallft@1und1.de,Female,68.25
571,Cornall,Hastewell,chastewellfu@vinaora.com,Male,33.88
572,Saundra,Le - Count,slecountfv@hugedomains.com,Male,61.47
573,Walden,Screeton,wscreetonfw@livejournal.com,Male,80.63
574,Gal,Zanini,gzaninifx@over-blog.com,Male,59.88
575,Kassia,Tumasian,ktumasianfy@opera.com,Female,65.73
576,Ynes,Grabham,ygrabhamfz@yolasite.com,Female,92.64
577,Samara,Swindall,sswindallg0@soup.io,Female,22.77
578,Jesse,Govini,jgovinig1@blog.com,Male,99.48
579,Daune,Scandrick,dscandrickg2@fema.gov,Female,65.35
580,Darya,Hooke,dhookeg3@foxnews.com,Female,63.68
581,Rockey,Milch,rmilchg4@whitehouse.gov,Male,96.24
582,Oralee,Bengtsen,obengtseng5@virginia.edu,Female,60.63
583,Leroi,Normavill,lnormavillg6@washingtonpost.com,Male,99.48
584,Smitty,Iannini,sianninig7@eventbrite.com,Male,55.44
585,Bryn,Bartholomieu,bbartholomieug8@about.me,Female,37.14
586,Verla,Yve,vyveg9@apple.com,Female,18.79
587,Fidelio,Dowda,fdowdaga@bandcamp.com,Male,48.17
588,Lizbeth,Garber,lgarbergb@alibaba.com,Female,3.28
589,Brina,Tween,btweengc@imdb.com,Female,37.4
590,Tim,Timblett,ttimblettgd@icio.us,Male,33.3
591,Celestine,Maior,cmaiorge@taobao.com,Female,47.05
592,Corabella,Northen,cnorthengf@nationalgeographic.com,Female,60.55
593,Opal,Guthrum,oguthrumgg@desdev.cn,Female,97.98
594,Obie,Le Lievre,olelievregh@rediff.com,Male,96.04
595,Gavin,Tayler,gtaylergi@ycombinator.com,Male,43.55
596,Cassaundra,Kerwood,ckerwoodgj@ameblo.jp,Female,16.06
597,Brucie,Bunyard,bbunyardgk@eventbrite.com,Male,52.23
598,Tim,Riley,trileygl@hugedomains.com,Female,14.4
599,Randal,Coulthard,rcoulthardgm@taobao.com,Male,95.04
600,Tiebout,Dunsire,tdunsiregn@ning.com,Male,19.13
601,Yorgos,Ashford,yashfordgo@cafepress.com,Male,16.26
602,Stepha,Penswick,spenswickgp@surveymonkey.com,Female,3.7
603,Hayley,McQueen,hmcqueengq@de.vu,Female,43.54
604,Arabelle,Zanazzi,azanazzigr@nba.com,Female,39.05
605,Ursulina,Lidgate,ulidgategs@craigslist.org,Female,32.84
606,Corbet,Roseborough,croseboroughgt@weebly.com,Male,5.61
607,Miles,Johananoff,mjohananoffgu@ustream.tv,Male,90.97
608,Jule,Bellas,jbellasgv@yolasite.com,Male,52.3
609,Lev,Peotz,lpeotzgw@columbia.edu,Male,56.59
610,Xerxes,Jaynes,xjaynesgx@yale.edu,Male,91.79
611,Jacquelynn,McAughtrie,jmcaughtriegy@sphinn.com,Female,81.43
612,Lind,Duff,lduffgz@tumblr.com,Male,26.14
613,Mohammed,Normadell,mnormadellh0@fotki.com,Male,42.27
614,Sara,Brixey,sbrixeyh1@intel.com,Female,37.54
615,Tiffi,Kendell,tkendellh2@mapy.cz,Female,21.41
616,Jonathon,Sly,jslyh3@theatlantic.com,Male,12.55
617,Mitzi,Scholes,mscholesh4@huffingtonpost.com,Female,83.23
618,Sheba,Addlestone,saddlestoneh5@ask.com,Female,97.16
619,Alexandros,Thunders,athundersh6@ehow.com,Male,96.21
620,Fionna,Kille,fkilleh7@zdnet.com,Female,29.51
621,Hetti,Niccols,hniccolsh8@live.com,Female,68.41
622,Leroy,Ferdinand,lferdinandh9@discovery.com,Male,32.24
623,Stefano,Janous,sjanousha@youtu.be,Male,17.79
624,Donia,Alliot,dalliothb@webs.com,Female,22.95
625,Darbie,Furmston,dfurmstonhc@google.com,Female,12.4
626,Connie,Barlas,cbarlashd@discuz.net,Male,51.41
627,Thalia,Gheeorghie,tgheeorghiehe@hao123.com,Female,64.39
628,Erek,Pettegre,epettegrehf@purevolume.com,Male,96.56
629,Glyn,Glassford,gglassfordhg@so-net.ne.jp,Male,3.51
630,Tyson,Pepperrall,tpepperrallhh@sogou.com,Male,19.76
631,Archy,Noweak,anoweakhi@i2i.jp,Male,44.07
632,Reine,Dunmore,rdunmorehj@europa.eu,Female,13.91
633,Joycelin,Genge,jgengehk@blogs.com,Female,72.06
634,Jordanna,Hebborn,jhebbornhl@webs.com,Female,35.35
635,Eugine,Simonassi,esimonassihm@amazon.co.jp,Female,71.45
636,Mathe,Biaggelli,mbiaggellihn@bizjournals.com,Male,7.58
637,Teador,Loughren,tloughrenho@google.ru,Male,78.15
638,Dorie,Babst,dbabsthp@disqus.com,Male,9.35
639,Pavla,Torra,ptorrahq@g.co,Female,11.62
640,Deidre,Drezzer,ddrezzerhr@rediff.com,Female,19.56
641,Ailee,Siddaley,asiddaleyhs@rediff.com,Female,4.92
642,Rock,Domenichelli,rdomenichelliht@gov.uk,Male,11.18
643,Laurence,Dower,ldowerhu@usatoday.com,Male,67.45
644,Arthur,Burrass,aburrasshv@go.com,Male,77.15
645,Becka,Duckerin,bduckerinhw@sohu.com,Female,79.83
646,Corly,Dews,cdewshx@wordpress.com,Female,23.36
647,Bryan,Trahear,btrahearhy@unc.edu,Male,3.9
648,Maud,Dallimore,mdallimorehz@ihg.com,Female,70.23
649,Vernon,Painswick,vpainswicki0@amazon.de,Male,5.73
650,Karlee,Gauntlett,kgauntletti1@xinhuanet.com,Female,53.22
651,Jenny,Ivannikov,jivannikovi2@tinyurl.com,Female,22.35
652,Sallie,Lowdes,slowdesi3@mashable.com,Female,49.14
653,Sandy,Hawsby,shawsbyi4@usa.gov,Male,77.98
654,Joseito,Skentelbury,jskentelburyi5@google.co.jp,Male,3.09
655,Mychal,Dickerline,mdickerlinei6@gizmodo.com,Male,7.68
656,Ernie,Millott,emillotti7@loc.gov,Male,24.51
657,Bettine,McNamee,bmcnameei8@apache.org,Female,25.57
658,Babbette,Ramiro,bramiroi9@t.co,Female,32.05
659,Fay,Oxtaby,foxtabyia@ovh.net,Female,32.22
660,Sol,Auden,saudenib@php.net,Male,96.46
661,Linzy,Clutterbuck,lclutterbuckic@china.com.cn,Female,52.36
662,Hana,Cumming,hcummingid@buzzfeed.com,Female,53.27
663,Matelda,Dibling,mdiblingie@phoca.cz,Female,73.28
664,Simone,Venditti,svendittiif@example.com,Male,61.5
665,Wally,Slopier,wslopierig@devhub.com,Male,18.04
666,Griff,Buttriss,gbuttrissih@surveymonkey.com,Male,56.73
667,Ives,Congdon,icongdonii@sitemeter.com,Male,97.42
668,Shayne,Reuben,sreubenij@gizmodo.com,Male,19.65
669,Anya,Gother,agotherik@yelp.com,Female,44.52
670,Elmo,Petrelli,epetrelliil@hao123.com,Male,80.44
671,La verne,Peek,lpeekim@wiley.com,Female,48.15
672,Heda,Austen,haustenin@free.fr,Female,84.95
673,Carmen,Chazelas,cchazelasio@princeton.edu,Female,61.12
674,Agnesse,Bearfoot,abearfootip@jimdo.com,Female,91.67
675,Fons,Lorincz,florincziq@chronoengine.com,Male,74.17
676,Ogden,Santora,osantorair@bing.com,Male,31.83
677,Carlyle,Musso,cmussois@yandex.ru,Male,34.42
678,Felipe,Meiklam,fmeiklamit@nbcnews.com,Male,22.28
679,Lemuel,Hallows,lhallowsiu@wikia.com,Male,36.3
680,Raye,Plackstone,rplackstoneiv@va.gov,Female,42.59
681,Ervin,Crummy,ecrummyiw@examiner.com,Male,26.66
682,Elladine,Tatters,etattersix@mail.ru,Female,68.22
683,Alverta,Kell,akelliy@infoseek.co.jp,Female,44.38
684,Cleon,Corhard,ccorhardiz@moonfruit.com,Male,69.25
685,Ivie,Macklam,imacklamj0@scribd.com,Female,23.23
686,Cointon,Jantel,cjantelj1@google.cn,Male,14.12
687,Bennie,Biddle,bbiddlej2@redcross.org,Female,99.11
688,Northrop,Mallord,nmallordj3@tumblr.com,Male,45.35
689,Johna,Adanez,jadanezj4@xrea.com,Female,64.89
690,Matthew,Fransoni,mfransonij5@wisc.edu,Male,23.6
691,Marie,Gurton,mgurtonj6@rakuten.co.jp,Female,56.94
692,Gradeigh,Hain,ghainj7@nyu.edu,Male,27.11
693,Corbin,Constant,cconstantj8@microsoft.com,Male,52.83
694,Monroe,O'Brallaghan,mobrallaghanj9@elpais.com,Male,50.48
695,Rosita,Kissick,rkissickja@ucoz.com,Female,63.16
696,Florie,Skeffington,fskeffingtonjb@unblog.fr,Female,93.73
697,Ewart,Borrott,eborrottjc@prlog.org,Male,96.38
698,Maurise,Lindsey,mlindseyjd@hexun.com,Female,76.92
699,Bob,Wetton,bwettonje@seesaa.net,Male,18.94
700,Dollie,Jelf,djelfjf@constantcontact.com,Female,81.21
701,Eliot,Bew,ebewjg@xinhuanet.com,Male,54.32
702,Angus,Scanderet,ascanderetjh@slate.com,Male,68.25
703,Gunther,Dwane,gdwaneji@google.cn,Male,33.98
704,Nickola,Hoys,nhoysjj@cornell.edu,Male,64.14
705,Olga,Gowenlock,ogowenlockjk@nasa.gov,Female,64.67
706,Julio,Eaglestone,jeaglestonejl@google.co.jp,Male,8.75
707,Amie,O'Kane,aokanejm@wikimedia.org,Female,70.43
708,Dino,Baddoe,dbaddoejn@delicious.com,Male,23.72
709,Jedediah,De Brett,jdebrettjo@mapy.cz,Male,81.09
710,Tom,Rosoman,trosomanjp@imageshack.us,Male,41.26
711,Ferris,Sammut,fsammutjq@elegantthemes.com,Male,77.78
712,Kenna,Giamelli,kgiamellijr@marriott.com,Female,45.51
713,Thibaut,Warmington,twarmingtonjs@mozilla.com,Male,56.8
714,Shermie,Grigoletti,sgrigolettijt@so-net.ne.jp,Male,91.83
715,Tailor,Simmill,tsimmillju@yelp.com,Male,13.93
716,Cullan,Cardenosa,ccardenosajv@tripod.com,Male,23.95
717,Filip,Poley,fpoleyjw@slideshare.net,Male,52.48
718,Joana,Stonhouse,jstonhousejx@parallels.com,Female,34.18
719,Stearn,Blazi,sblazijy@trellian.com,Male,24.3
720,Hollis,Brompton,hbromptonjz@twitter.com,Male,54.04
721,Culley,Le Leu,cleleuk0@eventbrite.com,Male,33.94
722,Talbert,Robion,trobionk1@instagram.com,Male,94.35
723,Sunshine,Jakoubek,sjakoubekk2@cbsnews.com,Female,77.54
724,Nert,Iacovino,niacovinok3@diigo.com,Female,90.46
725,Mikkel,Ibberson,mibbersonk4@myspace.com,Male,64.0
726,Betta,Dungay,bdungayk5@com.com,Female,83.74
727,Lawry,Soppeth,lsoppethk6@paginegialle.it,Male,36.22
728,Eva,Godley,egodleyk7@squidoo.com,Female,2.8
729,Noak,Grouse,ngrousek8@soundcloud.com,Male,84.25
730,Aloise,Bellfield,abellfieldk9@uiuc.edu,Female,78.2
731,Janek,Phin,jphinka@patch.com,Male,49.39
732,Analiese,Pauling,apaulingkb@howstuffworks.com,Female,55.17
733,Hedy,Sommerscales,hsommerscaleskc@php.net,Female,80.31
734,Allard,Stinton,astintonkd@gizmodo.com,Male,28.52
735,Franny,O'Cooney,focooneyke@technorati.com,Male,18.13
736,Karalee,Queen,kqueenkf@themeforest.net,Female,60.37
737,Marthe,Children,mchildrenkg@chicagotribune.com,Female,91.96
738,Clint,Glencrosche,cglencroschekh@tamu.edu,Male,94.08
739,Jeremias,D'Cruze,jdcruzeki@jimdo.com,Male,6.36
740,Durante,Losselyong,dlosselyongkj@photobucket.com,Male,29.91
741,Carlotta,Teague,cteaguekk@behance.net,Female,5.2
742,Shelby,Grinaway,sgrinawaykl@sina.com.cn,Male,89.15
743,Glenine,Bound,gboundkm@indiatimes.com,Female,26.86
744,Darsie,Castell,dcastellkn@webs.com,Female,25.65
745,Althea,Redsull,aredsullko@chron.com,Female,91.09
746,Boothe,Sherbourne,bsherbournekp@aol.com,Male,8.39
747,Yvonne,Sheekey,ysheekeykq@i2i.jp,Female,58.77
748,Kingsley,Benza,kbenzakr@wikipedia.org,Male,25.61
749,Lauretta,Drewett,ldrewettks@apple.com,Female,41.97
750,Emmerich,Proudman,eproudmankt@tmall.com,Male,81.08
751,Germana,Pellitt,gpellittku@buzzfeed.com,Female,17.16
752,Lisabeth,Gillooly,lgilloolykv@wikimedia.org,Female,9.96
753,Rosella,Klimpt,rklimptkw@amazon.de,Female,66.78
754,Kanya,Birnie,kbirniekx@reference.com,Female,16.29
755,Mellicent,Mordecai,mmordecaiky@xing.com,Female,51.77
756,Sammy,Goom,sgoomkz@unblog.fr,Female,20.28
757,Durward,Paulusch,dpauluschl0@list-manage.com,Male,37.05
758,Mersey,Schlagtmans,mschlagtmansl1@sitemeter.com,Female,50.88
759,Adelina,Pimblotte,apimblottel2@aboutads.info,Female,91.31
760,Janine,Shellibeer,jshellibeerl3@yellowpages.com,Female,75.21
761,Wilek,Ainge,waingel4@blog.com,Male,35.62
762,Brigham,Lunck,blunckl5@artisteer.com,Male,14.5
763,Berne,Gladeche,bgladechel6@newyorker.com,Male,3.9
764,Adrianne,Brognot,abrognotl7@so-net.ne.jp,Female,1.07
765,Davine,Shillum,dshilluml8@phpbb.com,Female,92.4
766,Shantee,Cherm,scherml9@miibeian.gov.cn,Female,37.55
767,Bevvy,Halson,bhalsonla@ifeng.com,Female,41.26
768,Worden,Heinritz,wheinritzlb@t.co,Male,15.26
769,Helen,Tingcomb,htingcomblc@smugmug.com,Female,94.99
770,Eadith,Albers,ealbersld@nps.gov,Female,69.3
771,Darlleen,Whitsey,dwhitseyle@springer.com,Female,39.27
772,Free,Foulcher,ffoulcherlf@ocn.ne.jp,Male,56.51
773,Darcie,Rotherham,drotherhamlg@ameblo.jp,Female,92.24
774,Piotr,Snarr,psnarrlh@aboutads.info,Male,24.6
775,Waylin,Alebrooke,walebrookeli@google.cn,Male,35.99
776,Hoyt,McArdle,hmcardlelj@house.gov,Male,64.5
777,Ryley,Keningley,rkeningleylk@live.com,Male,95.32
778,Natala,Tuson,ntusonll@miitbeian.gov.cn,Female,84.48
779,Ignacius,Buntin,ibuntinlm@google.co.uk,Male,42.27
780,Maritsa,Barnett,mbarnettln@hexun.com,Female,77.45
781,Roger,McKellen,rmckellenlo@miibeian.gov.cn,Male,48.8
782,Rene,Hymas,rhymaslp@last.fm,Male,19.21
783,Minetta,Colebourn,mcolebournlq@guardian.co.uk,Female,95.59
784,Meghann,McCrainor,mmccrainorlr@mlb.com,Female,98.86
785,Gwendolin,Maloney,gmaloneyls@house.gov,Female,1.09
786,Celeste,Skellern,cskellernlt@apple.com,Female,57.2
787,Clyde,Gennrich,cgennrichlu@taobao.com,Male,86.7
788,Nissy,Cicchelli,ncicchellilv@google.com,Female,80.6
789,Midge,Loweth,mlowethlw@pinterest.com,Female,7.03
790,Rahal,Burgan,rburganlx@utexas.edu,Female,50.48
791,Archambault,Fontes,afontesly@photobucket.com,Male,44.09
792,Hadlee,Packman,hpackmanlz@domainmarket.com,Male,66.57
793,Vonni,Galland,vgallandm0@youtu.be,Female,35.62
794,Brynna,Geerling,bgeerlingm1@dion.ne.jp,Female,42.24
795,Patricio,Conford,pconfordm2@pagesperso-orange.fr,Male,63.54
796,Lonna,Coda,lcodam3@unicef.org,Female,87.62
797,Meriel,Phittiplace,mphittiplacem4@theglobeandmail.com,Female,71.44
798,Jaime,Spurdle,jspurdlem5@skype.com,Female,43.57
799,Fabian,McDonnell,fmcdonnellm6@opera.com,Male,75.55
800,Evered,Wilford,ewilfordm7@shop-pro.jp,Male,86.75
801,Frankie,Griffitts,fgriffittsm8@rambler.ru,Male,74.96
802,Guillemette,Hubberstey,ghubbersteym9@sciencedirect.com,Female,30.0
803,Ariana,Bartalini,abartalinima@answers.com,Female,43.68
804,Kearney,Jeyness,kjeynessmb@amazonaws.com,Male,63.45
805,Nannette,Broddle,nbroddlemc@berkeley.edu,Female,91.61
806,Shannen,Figge,sfiggemd@zdnet.com,Female,23.84
807,Gill,Danby,gdanbyme@census.gov,Female,9.53
808,Domingo,Bredbury,dbredburymf@harvard.edu,Male,70.98
809,Gustavo,Mountcastle,gmountcastlemg@independent.co.uk,Male,56.34
810,Mozelle,Gerler,mgerlermh@yellowbook.com,Female,8.63
811,Obediah,Sheahan,osheahanmi@trellian.com,Male,4.19
812,Beth,Petrol,bpetrolmj@ox.ac.uk,Female,36.93
813,Cosetta,Anthes,canthesmk@unesco.org,Female,98.32
814,Angelia,Huskinson,ahuskinsonml@amazon.co.jp,Female,30.21
815,Lazaro,Scarr,lscarrmm@marriott.com,Male,38.5
816,Ignacius,Tedorenko,itedorenkomn@wired.com,Male,91.96
817,Loreen,Collacombe,lcollacombemo@google.pl,Female,42.04
818,Etti,Walbridge,ewalbridgemp@google.pl,Female,13.16
819,Tyne,Tebbitt,ttebbittmq@pagesperso-orange.fr,Female,94.27
820,Carolann,Rosenauer,crosenauermr@cbsnews.com,Female,25.75
821,Dori,Dimelow,ddimelowms@nydailynews.com,Female,89.53
822,Edgar,Klemz,eklemzmt@nytimes.com,Male,17.21
823,Tully,Sheldrick,tsheldrickmu@newsvine.com,Male,69.22
824,Grantley,Senussi,gsenussimv@fc2.com,Male,38.13
825,Tammie,Idiens,tidiensmw@narod.ru,Male,6.55
826,Nessie,Merill,nmerillmx@narod.ru,Female,80.77
827,Federico,Beaumont,fbeaumontmy@craigslist.org,Male,51.0
828,Cassandry,Kencott,ckencottmz@comcast.net,Female,1.25
829,Palmer,Ollerearnshaw,pollerearnshawn0@dmoz.org,Male,90.93
830,Cullin,Bruhke,cbruhken1@newyorker.com,Male,75.78
831,Gert,Nathon,gnathonn2@google.de,Female,9.35
832,Osbourne,Piche,opichen3@rediff.com,Male,44.24
833,Arlene,Tettersell,atetterselln4@gravatar.com,Female,52.75
834,Ilyse,Stonman,istonmann5@webs.com,Female,35.43
835,Lynnelle,Howse,lhowsen6@archive.org,Female,33.16
836,Rickie,Jukubczak,rjukubczakn7@ocn.ne.jp,Male,90.7
837,Deborah,Bearblock,dbearblockn8@hexun.com,Female,64.26
838,Sean,De Minico,sdeminicon9@state.gov,Male,71.53
839,Bowie,Selesnick,bselesnickna@purevolume.com,Male,52.71
840,Ric,Cowgill,rcowgillnb@weibo.com,Male,22.07
841,Blair,Claypoole,bclaypoolenc@europa.eu,Female,38.06
842,Nelly,Eatock,neatocknd@github.io,Female,26.13
843,Shannon,Aleksic,saleksicne@drupal.org,Female,64.9
844,Gusta,Skurray,gskurraynf@skyrock.com,Female,94.81
845,Guillaume,Lutton,gluttonng@weebly.com,Male,51.46
846,Natasha,Fine,nfinenh@ning.com,Female,45.71
847,Stanley,Vales,svalesni@woothemes.com,Male,73.02
848,Ambrosi,Gamblin,agamblinnj@unblog.fr,Male,9.39
849,Linzy,O'Lahy,lolahynk@amazon.de,Female,52.83
850,Coral,Setterthwait,csetterthwaitnl@china.com.cn,Female,30.52
851,Rosalyn,Laws,rlawsnm@gizmodo.com,Female,47.7
852,Paige,Divis,pdivisnn@artisteer.com,Male,98.07
853,Jarrid,Hawlgarth,jhawlgarthno@virginia.edu,Male,85.71
854,Lorrin,MacGow,lmacgownp@wordpress.com,Female,10.68
855,Petunia,Boomes,pboomesnq@ted.com,Female,93.68
856,Trula,Gilby,tgilbynr@imgur.com,Female,27.4
857,Everett,Whieldon,ewhieldonns@apple.com,Male,28.25
858,Moina,Jime,mjiment@joomla.org,Female,27.3
859,Cameron,Ughetti,cughettinu@tripod.com,Male,82.16
860,Harriott,Aked,hakednv@dropbox.com,Female,69.31
861,Dennis,Wrathmall,dwrathmallnw@smugmug.com,Male,43.41
862,Magdalena,Gregoletti,mgregolettinx@chronoengine.com,Female,85.77
863,Rory,Dorward,rdorwardny@umn.edu,Male,64.72
864,Taryn,Bynert,tbynertnz@scientificamerican.com,Female,89.85
865,Earle,Sabberton,esabbertono0@shutterfly.com,Male,53.94
866,Alonso,Musto,amustoo1@squidoo.com,Male,79.83
867,Filide,Writer,fwritero2@bing.com,Female,65.49
868,Hi,Sugar,hsugaro3@chronoengine.com,Male,67.11
869,Gwenni,Crangle,gcrangleo4@jugem.jp,Female,30.32
870,Aldridge,Bach,abacho5@instagram.com,Male,41.32
871,Lynnett,Dugget,lduggeto6@github.com,Female,83.76
872,Tamar,Derobert,tderoberto7@livejournal.com,Female,39.42
873,Rubia,Luipold,rluipoldo8@zdnet.com,Female,38.79
874,Newton,MacAllan,nmacallano9@histats.com,Male,66.88
875,Jerrome,Lanchester,jlanchesteroa@google.cn,Male,61.56
876,Harman,Tsar,htsarob@yahoo.com,Male,62.09
877,Wheeler,Osgarby,wosgarbyoc@ameblo.jp,Male,88.86
878,Kaleena,Sloey,ksloeyod@shinystat.com,Female,93.42
879,Cos,Chaperlin,cchaperlinoe@icq.com,Male,41.26
880,Fanechka,Illyes,fillyesof@imgur.com,Female,73.4
881,Tadeo,Ducarne,tducarneog@instagram.com,Male,38.79
882,Delphinia,Tuxell,dtuxelloh@toplist.cz,Female,93.43
883,Nicol,Jerrard,njerrardoi@ibm.com,Female,37.85
884,Sean,O'Crowley,socrowleyoj@berkeley.edu,Male,10.93
885,Mallory,Furzer,mfurzerok@skype.com,Male,78.22
886,Jayne,Caldaro,jcaldarool@studiopress.com,Female,98.81
887,Fannie,Marsland,fmarslandom@friendfeed.com,Female,23.09
888,Virgilio,Le febre,vlefebreon@economist.com,Male,21.12
889,Hilda,Dinesen,hdinesenoo@cdbaby.com,Female,52.76
890,Bernadette,Gantley,bgantleyop@pinterest.com,Female,64.69
891,Kiley,Paskerful,kpaskerfuloq@sogou.com,Female,58.21
892,Dukie,Kimbly,dkimblyor@rediff.com,Male,19.8
893,Carly,Shiel,cshielos@youtu.be,Female,79.52
894,Brigham,Whal,bwhalot@tamu.edu,Male,54.33
895,Oliy,Keymar,okeymarou@ustream.tv,Female,79.7
896,Lucien,Crocetto,lcrocettoov@tripadvisor.com,Male,38.38
897,Shea,Elan,selanow@state.tx.us,Female,38.52
898,Viviyan,Prandini,vprandiniox@t.co,Female,25.68
899,Rosamond,Piccard,rpiccardoy@senate.gov,Female,31.92
900,Edythe,Reeday,ereedayoz@dagondesign.com,Female,69.88
901,Laureen,Brister,lbristerp0@japanpost.jp,Female,60.89
902,Jehu,Tall,jtallp1@webeden.co.uk,Male,96.17
903,Catherine,Gilbride,cgilbridep2@imageshack.us,Female,89.51
904,Ron,Posten,rpostenp3@nhs.uk,Male,85.3
905,Clari,Purnell,cpurnellp4@washington.edu,Female,24.9
906,Kris,Dene,kdenep5@cpanel.net,Male,65.17
907,Fairfax,Humphrey,fhumphreyp6@ft.com,Male,50.71
908,Astra,Cowderay,acowderayp7@mtv.com,Female,93.47
909,Roze,Gillmore,rgillmorep8@ifeng.com,Female,64.33
910,Aube,McGonigle,amcgoniglep9@cdc.gov,Male,60.44
911,Cate,Eade,ceadepa@over-blog.com,Female,48.44
912,Shepard,Mattioli,smattiolipb@ebay.com,Male,96.43
913,Clemmie,Yeardsley,cyeardsleypc@ucla.edu,Female,12.3
914,Sasha,Alves,salvespd@zimbio.com,Female,64.1
915,Dacia,Heakey,dheakeype@miitbeian.gov.cn,Female,72.48
916,Eamon,Mouncher,emouncherpf@ucoz.ru,Male,45.16
917,Bernardina,Dinse,bdinsepg@flickr.com,Female,20.17
918,Alix,Swepstone,aswepstoneph@ezinearticles.com,Female,72.36
919,Kylynn,Spours,kspourspi@marketwatch.com,Female,29.07
920,Marchelle,Chesworth,mchesworthpj@nydailynews.com,Female,67.77
921,Evan,Greene,egreenepk@addthis.com,Male,19.04
922,Alikee,McCloid,amccloidpl@slashdot.org,Female,63.03
923,Estrella,Morman,emormanpm@msn.com,Female,15.33
924,Ammamaria,McCanny,amccannypn@vkontakte.ru,Female,8.28
925,Arlyn,Davidovicz,adavidoviczpo@intel.com,Female,29.16
926,Cathrine,Rameaux,crameauxpp@webmd.com,Female,43.03
927,Dennison,Whitby,dwhitbypq@state.tx.us,Male,93.65
928,Eugen,Dorling,edorlingpr@toplist.cz,Male,65.14
929,Trip,Beldon,tbeldonps@dropbox.com,Male,52.17
930,Jeniffer,Sirman,jsirmanpt@1und1.de,Female,74.09
931,Sunny,Felder,sfelderpu@washingtonpost.com,Male,76.21
932,Jaquenette,Binner,jbinnerpv@bbc.co.uk,Female,12.26
933,Ivory,Slisby,islisbypw@amazon.de,Female,32.91
934,Hilliard,Worsley,hworsleypx@angelfire.com,Male,79.01
935,Blithe,Zellick,bzellickpy@bandcamp.com,Female,67.53
936,Garwood,Ethelstone,gethelstonepz@networksolutions.com,Male,39.85
937,Carolin,Leupoldt,cleupoldtq0@sciencedirect.com,Female,25.57
938,Freddie,Blaksley,fblaksleyq1@yolasite.com,Female,78.46
939,Bentlee,Bail,bbailq2@bloomberg.com,Male,40.18
940,Nap,Crowth,ncrowthq3@friendfeed.com,Male,67.67
941,Kirby,Houdhury,khoudhuryq4@amazon.co.jp,Male,22.82
942,Tedman,Dani,tdaniq5@eventbrite.com,Male,51.56
943,Tillie,Larkins,tlarkinsq6@netlog.com,Female,50.43
944,Merwin,Corbert,mcorbertq7@si.edu,Male,35.32
945,Laurena,Greenalf,lgreenalfq8@dailymail.co.uk,Female,47.52
946,Harvey,Shotter,hshotterq9@nyu.edu,Male,65.11
947,Danit,McWhin,dmcwhinqa@nationalgeographic.com,Female,55.47
948,Donaugh,Joust,djoustqb@mashable.com,Male,23.52
949,Cristal,Qualtro,cqualtroqc@gmpg.org,Female,59.98
950,Lilas,Silkstone,lsilkstoneqd@wufoo.com,Female,84.83
951,Corey,McShirrie,cmcshirrieqe@mayoclinic.com,Male,30.68
952,Clayson,Adrienne,cadrienneqf@reuters.com,Male,59.15
953,Malissia,Suggate,msuggateqg@fastcompany.com,Female,61.17
954,Dominga,Curneen,dcurneenqh@4shared.com,Female,18.66
955,Pasquale,Elphey,pelpheyqi@sphinn.com,Male,5.56
956,Jill,Hayball,jhayballqj@canalblog.com,Female,95.87
957,Coralie,Vineall,cvineallqk@infoseek.co.jp,Female,11.8
958,Jacklin,Slessar,jslessarql@auda.org.au,Female,62.92
959,Lissie,Presidey,lpresideyqm@behance.net,Female,35.04
960,Cornall,Giroldi,cgiroldiqn@arstechnica.com,Male,36.67
961,Dante,Drohan,ddrohanqo@redcross.org,Male,37.38
962,Devan,Verne,dverneqp@fastcompany.com,Female,62.12
963,Kirbie,Trumble,ktrumbleqq@360.cn,Female,56.03
964,Yevette,Gardener,ygardenerqr@skype.com,Female,61.11
965,Cosette,MacAnespie,cmacanespieqs@amazon.de,Female,13.17
966,Barnard,Krale,bkraleqt@washington.edu,Male,57.56
967,Jacinda,Vaines,jvainesqu@baidu.com,Female,41.14
968,Saundra,Daykin,sdaykinqv@imageshack.us,Female,87.49
969,Cob,Goodluck,cgoodluckqw@eventbrite.com,Male,22.45
970,Ruthie,Kencott,rkencottqx@unblog.fr,Female,74.19
971,Christophe,Daskiewicz,cdaskiewiczqy@sun.com,Male,20.12
972,Orren,Schimaschke,oschimaschkeqz@wired.com,Male,58.74
973,Rebekah,Doniso,rdonisor0@imageshack.us,Female,4.63
974,Rakel,Leirmonth,rleirmonthr1@hp.com,Female,28.76
975,Chen,Holtum,choltumr2@ed.gov,Male,16.77
976,Mandel,Elletson,melletsonr3@live.com,Male,46.3
977,Ophelie,Hullah,ohullahr4@weebly.com,Female,17.89
978,Phillipe,Duham,pduhamr5@wordpress.com,Male,60.28
979,Vale,Janas,vjanasr6@sitemeter.com,Female,50.54
980,Wallis,Stollberg,wstollbergr7@si.edu,Female,76.58
981,Ginni,Simecek,gsimecekr8@ezinearticles.com,Female,70.61
982,Florenza,Boness,fbonessr9@4shared.com,Female,22.53
983,Tedda,McPaike,tmcpaikera@t-online.de,Female,35.68
984,Antone,Strudwick,astrudwickrb@dailymail.co.uk,Male,33.92
985,Mella,Klimp,mklimprc@bluehost.com,Female,87.55
986,Saxe,Roderham,sroderhamrd@dailymail.co.uk,Male,49.38
987,Yuma,Vitte,yvittere@businessweek.com,Male,40.56
988,Madelena,Pinsent,mpinsentrf@hubpages.com,Female,3.12
989,Shurwood,Potte,spotterg@amazonaws.com,Male,82.22
990,Kim,Van de Velde,kvandevelderh@yelp.com,Female,63.27
991,Leeanne,Ollerenshaw,lollerenshawri@fotki.com,Female,53.37
992,Ase,Szymczyk,aszymczykrj@chronoengine.com,Male,90.71
993,Geoffrey,Phoebe,gphoeberk@wp.com,Male,17.49
994,Christie,Lawson,clawsonrl@bigcartel.com,Male,16.46
995,Sheppard,Cockhill,scockhillrm@fda.gov,Male,80.84
996,Charmine,Whaplington,cwhaplingtonrn@topsy.com,Female,55.12
997,Corty,Fouracres,cfouracresro@spotify.com,Male,62.11
998,Eberhard,Baxill,ebaxillrp@amazonaws.com,Male,53.72
999,Gran,Hirtzmann,ghirtzmannrq@cornell.edu,Male,6.02
1000,Charlena,Donnan,cdonnanrr@reuters.com,Female,43.54
